{"name":"Globex","min":2.1874426660279944,"max":999.1346485460238,"values":[131.8266328802178,283.09525165388806,486.3972762890474,319.93548809844197,844.2447135525957,923.1203075450567,406.8766070285903,286.262369337605,85.53865017280704,264.96209179641704,843.1147941867489,192.80942033479852,268.5117284726619,391.3520657393319,420.6400267967867,927.7195795433972,380.7036763275831,484.9071428913443,755.6751799510772,448.2767356442945,130.04870106516898,51.63888572225361,393.3598141916774,806.9366994757112,391.04089803602005,956.4083061984489,698.3990827692226,490.19303702526184,117.77601464192111,288.99564343819975,851.0144418127159,449.7661455609194,459.4635811535568,782.4820051537715,587.6970494806857,986.1644070306832,373.0402241811834,609.6676881891963,65.68537081351255,677.7483379760552,565.726062987048,359.8143315454245,554.7128034784834,698.0075094281067,206.9708147557927,301.2866729073409,409.3970139858196,857.1737997709663,672.729149268207,18.56213230349102,239.47269736123312,975.3600062090619,465.5624273298111,885.4290750843277,266.3668178514973,313.5309176727488,146.716975599972,921.4006206828055,39.989324437654574,853.8214244330089,860.4179680924453,893.1465011363354,136.37269755448943,909.4059683900077,798.2463110842066,879.8575112012442,309.0360623234787,10.455688723177259,752.9251040219857,640.8781288236986,227.18064418510454,126.2852840234252,625.3773841964368,206.90115761631068,684.1283123003454,170.9758863165669,120.60637493839255,464.43644340667055,787.8747739439185,947.3456506712434,15.86011015821498,977.1697580251961,985.1485500592594,817.099194610055,896.5164165089483,709.1367846125487,289.0948178425285,626.2838094839817,495.7048393276482,982.5610095791759,790.7731901500728,286.04203125558246,453.9940317383908,809.1151649728827,445.9613306389665,412.69407639379983,646.0234815841843,119.50025815245068,347.4504812702781,953.4202453040175,786.2806793568504,719.8157930382523,439.7984750593438,417.5039092998973,856.1503595475264,219.5273088282974,3.5052169034544,6.2725810790793535,520.3638692768351,757.0025051958105,283.4000645392636,333.8823151990027,517.8248404509025,363.0307377436086,90.53776381672374,184.3231194307553,992.0832840643983,109.61017704158516,906.5972612605789,639.1325404545189,86.40031404232151,874.3764657249073,821.1139570877643,983.2260563690751,563.8730199313665,11.644054710640672,678.7611541256135,492.3008462636369,397.47843471017364,649.5951527265862,60.910677590625404,507.8866685953547,388.9477169166111,521.4226715857789,212.69128499895285,232.72079630048336,593.7910777935214,596.1045301723518,932.6370872326131,751.0636700873036,351.2396176487951,285.32514751031266,865.205860521987,306.8716353634038,413.4470197148103,414.5533207205532,739.8599081515722,596.2221994508421,696.6198196474667,4.094025112768573,912.1243184658878,673.8440115255604,317.8994750488664,826.2256599904141,69.88567999744122,223.47271224567834,496.9169310722925,310.8252331484089,84.43655317107846,872.0137501149617,973.7358334956259,786.852709522845,198.52149625463932,214.70425152032792,421.7235370643191,57.01176244603423,732.9976404067327,554.4291999297133,386.73464455445395,856.6090118344351,965.8872257269755,342.5738195585681,791.7775410591532,321.01831546796,822.3773586081613,82.58588125507238,969.7305261564258,74.31721612032138,261.00869923393645,244.09454300591827,383.0068254047767,106.87008834018941,7.096942758472169,189.73722033910724,39.895919830104766,656.0563581721389,413.10689040409466,937.8277352790134,2.1874426660279944,320.7824986976977,268.5667380309624,924.689409509468,406.5147123648034,286.55085278627257,263.5322074583317,529.5689765997431,241.40834490299645,161.13884146945813,303.03816177075873,676.2668834061036,800.5203215337606,172.04812819975922,160.97233156453083,541.9083309909673,911.30760813553,717.228392338284,441.1176658359901,409.38266354441333,999.1346485460238,210.96117843218855,101.69730512727249,148.7366008129025,178.50006449134216,211.88953408242784,923.3707151984338,55.09159913065642,328.23439990014026,391.28473317806555,312.79437255447704,469.23712461921355,209.2682261102856,898.551067122989,774.3646007315923,422.8676913674987,975.810089940134,263.00189963492505,162.386366647961,736.8931576547928,648.7709521946978,530.0020711127296,387.6650643177948,945.7991228257878,167.65650910771112,766.3687601539028,383.01927449138185,664.2557439368646,106.74069231408035,131.70368266762145,413.6182456403599,885.4055008787105,292.1049304062244,38.50360294296485,744.3929899247102,438.53399484998135,382.8782648040654,986.3984504538493,509.0910330533358,575.7973108850183,316.84520848004524,705.3486662524377,426.49859591994897,901.673823323657,250.64406349232527,288.3911054477817,472.6287652883645,858.4940335342023,900.6569262390867,247.5446439206741,558.0031085251027,299.50296746800296,768.3479817485934,42.26952921479765,42.40748506533754,846.1639697619121,632.8125522803545,813.1260474747917,704.9617498730718,262.008566066616,79.37108130763892,812.2962232188875,966.161391212575,827.4390601871518,507.4510152572649,470.4499441796055,276.4749225467875,680.4630237650946,975.8843263373802,831.3861504226436,780.5344959910645,830.4198717574914,482.3606499640725,173.50155279444613,133.81319740593312,658.6423696567444,510.8699836227468,323.83912461888985,168.553826881642,537.6954006043351,479.19295363683113,162.09529082231077,182.04778306601875,885.8814114585234,633.1393040140794,40.831600635369725,515.6969038698103,69.78221222060843,145.48500669345478,946.6362924820662,359.24608103168845,994.4190192966785,826.3536053382965,237.47135038715928,141.7896501027438,215.7103045582973,993.4739978650642,170.56356499765556,547.2355307602494,834.0461786027788,724.534139460171,771.033723659202,107.64603670378659,76.7928125644164,446.44087293994295,626.0301776400183,298.6140989157873,138.88261455533635,717.2670179912677,946.4433669806365,119.36954937835576,905.8786682485336,49.79877206598759,914.2061270019384,399.79475779993146,131.05066766244812,431.6219285440177,15.57925905109725,891.1460086853047,571.8608450737199,699.3225539366352,479.42010864951556,931.1742968213798,431.32436028322263,962.9985646122867,422.29389630558046,288.0874664337365,320.59162472650615,669.8225367202028,332.77805725033915,668.3077017656105,463.24080633402673,650.1180510650327,425.34372029316205,447.0621016803138,152.23887209291686,103.24076511892466,904.8709697988006,340.78701350845097,419.22877532946524,340.3809570234564,867.1971421883351,521.8062460022115,593.0011031950902,830.031606439725,804.3240971639341,67.41047316791415,553.3472676792994,15.734862970076424,636.8421514767637,718.9337159570424,257.2874253847277,57.75010171298045,349.284420953502,87.02233521980318,910.2996169329915,631.8916522680305,222.63281801964285,970.6013655609811,880.3771892110326,867.966863869112,538.003291429044,401.9992581465983,718.2647402873672,168.9426872015185,943.7678369093587,541.4159671623145,837.7242896055783,210.9125149751734,996.3553085000318,728.688650015636,895.0833830722294,478.82391756026266,696.9411586667928,125.6276261261573,137.54638352459204,92.88097902805048,323.71603564918286,654.3190342368968,9.456034381752243,636.1610922938384,896.3209715545523,782.9983904312629,878.7346845256872,764.7690676415604,899.4272674679735,756.1354507147329,431.15094748862526,535.0638810566218,418.2295267082643,566.7532025802894,46.793096694210725,335.560299010637,195.07365670427902,643.4355679359438,674.6652396377586,298.84186599167117,838.15159958488,69.19450110407,601.5274966384135,484.93074832208725,336.9311930595327,319.25171421445486,441.6064577935157,688.2078128857605,581.8158787787968,692.1114427707729,78.03788322335348,854.3705308914784,241.8945975057758,430.54587087858675,667.1020952409704,698.5734059319692,920.6963719921848,555.2377511109381,569.3937485724894,797.0385346225029,810.2366415023121,801.7910486727302,338.725010222626,622.8210947119437,795.1174985122149,245.8963888036334,686.213654851676,172.64100788970603,25.506439208292875,949.1390997126714,57.92987098055335,