{"name":"Womply","min":0.7498670009076225,"max":998.905620770581,"values":[217.92649516886087,872.5062093599854,468.93535720217494,34.312342676277694,488.32940263169957,627.9528788092456,953.7549130152021,868.2241540006868,73.76516293251211,97.04966947309612,47.281827180669644,320.7890481995471,101.65470342460881,417.2812855750323,720.8025953494837,661.4598671969894,580.2340600333205,328.9961481871816,825.0622401981345,220.2787322624633,197.86696853134444,165.41853927544904,290.4929005363479,420.40641499871236,365.073075906688,327.81299084324013,706.0149405701493,105.38217737778378,983.0093570054825,653.1666306543559,813.4442504198996,974.5811888755128,221.71689574677112,748.8288066538679,402.5530694315098,523.8455875553317,212.98890715980968,51.09230476307569,423.19322620878086,309.7960902723983,813.3275547127984,557.3585401670194,642.696757660026,533.009523180656,798.2530422382473,448.64532220927464,493.7405880999544,303.3189560695808,559.123700070706,44.24533612270076,27.322782198296423,769.7347749059736,346.53470291120914,228.20455824549802,538.4422662663764,399.87277124790387,747.9916371323602,406.7777298915245,264.7674377045066,23.06622870193675,502.3378434961735,894.6679199320259,139.02204388260876,702.2559032510336,107.12225712646661,896.663291230972,412.5745600890373,464.1878145486077,310.0730996296961,733.8075445205696,226.91098353493,94.60875036007677,64.53549148888649,630.9642961641307,385.4608118023126,357.610789761264,121.33099336667996,533.0397237991729,330.5663313836311,18.136542259483136,320.852878786662,711.1934582185845,408.475218218169,822.0523868759152,900.2850219005134,342.84755826862556,734.6660382395993,552.9883135552104,227.45505134944577,993.0501481848339,531.9343475430081,61.13646714645438,298.9100177751934,157.18739362103463,831.3740523629397,115.05360441157664,317.1096902225199,739.1759770193265,569.5080019626175,317.5372427690848,868.0010782966416,94.56188126311183,17.630426707785475,355.212687050443,76.94775168766887,708.7493208167167,35.27542614376389,540.8161364374467,220.23164971425612,106.90958863357235,668.0654361271436,433.3700182745532,571.1423522116488,786.6190907886852,540.8860856716308,446.6327894122908,444.8729603302373,602.8827852925783,32.46383525126595,33.16204279783952,629.8966822747213,966.8016165485171,926.178617374866,45.64264059605261,483.91388287864714,224.44726233370648,861.1277508659425,737.2758787829229,275.93625841536283,186.9225214283018,557.2489415104941,730.9613570786917,99.25159576382458,168.02951496971508,425.88160771933127,107.34688092235345,788.590045881826,847.9642016298203,852.7477982080678,274.8183093733635,428.2733382072056,215.40385143351816,687.3715413490135,993.7130902670073,730.2571364192611,102.74511505901141,230.39418596249794,577.2048702130294,869.5266034487937,660.7886982219666,93.04234183290316,330.9566199960083,976.6994294534651,243.44984002879855,164.4046977120328,711.4206086153814,109.9163028584409,752.7386509875396,867.3454847322428,642.667667545233,428.89032753658375,735.457586790872,445.96786875269123,98.46963840140455,274.33442346525163,358.12351805054874,886.2134150704705,222.23548958045504,529.0588825514037,956.2122051820191,8.981126281057183,668.0422322768485,130.83666273127525,788.1099053349959,108.9448967090687,517.4195552186185,444.5036581290651,739.9986257290573,730.065823582328,883.6327999403936,177.44909859368187,718.789045730935,598.1800566899053,366.1223174379079,752.9171151026716,274.23821506273515,438.84205298270376,33.193874849107075,771.8363661361636,400.0607123218719,354.08396776166904,414.2626251451973,410.4168443981415,47.840259583133204,149.37936542693876,305.36635119966115,101.05300049060517,414.3959147307695,355.69564032395874,596.0518489155323,73.22199211508551,287.6348194059648,807.0760181257607,276.3314922592697,560.411302144552,845.504629668807,363.5555767075951,350.2198958538982,771.2285167637474,551.4705986570013,201.5877895652971,318.55147083391756,784.2664230980317,604.8012578125025,483.9830198053279,175.86938692535415,568.3653630223503,995.4838557865482,186.34226005745091,835.2647934367034,357.0453890792752,442.30173380030436,146.26385786788975,327.93586433986974,229.23379243876096,998.905620770581,340.94448042127766,907.8096891108087,910.5436552220618,329.6104812991859,575.6427572231912,378.3799291281642,346.22927077805565,875.9129852218002,166.29775292857363,171.81801770471483,852.3721903146519,691.7987014170961,517.1338818290444,696.0653537061773,918.8672884519556,501.29329503228513,78.65441364475889,646.7538283410978,587.931584812082,279.97022722124143,779.4973616049399,955.5258998564811,364.51775322679424,447.82097768846097,545.3372646791898,703.4094630586188,586.4840050605953,638.0494456229167,593.7334529149928,141.13585589018373,859.1576225349626,96.78804866064982,714.9959738215974,617.9929736630629,719.4782578630779,864.4353494901738,86.70625996936965,502.54469105537726,588.2889420222334,479.29191535880335,584.3527291933724,104.80852766475456,494.2072024616504,729.8768222044897,733.2164034320405,423.0889508448019,677.1129829216871,615.6402989427512,324.5540630768221,329.38147242435144,816.7352446775493,62.251397657934085,55.12430899437093,562.630872708643,664.4932834758127,692.910857126357,716.468923235819,831.2581712620548,50.10705560832784,241.5082881489161,705.2481262389776,820.7679235555264,197.02472966846574,749.7945632906286,820.5509651356468,766.5129810638806,88.51724355559764,259.3597642447855,691.3755551826906,651.7410649630883,371.86134776509715,396.92988347807733,73.12136057308194,237.05870103672277,704.7950977378017,979.7737291602414,440.97523645976344,696.33355852791,765.9257060241321,569.9800600128883,941.4844504833336,44.83229906122788,98.17754541173163,399.19884625126355,311.0233667073156,145.44931008593355,987.5186775755604,578.8815095137065,671.6925248646634,164.9384572183612,272.4242444514269,176.38052999922937,47.32091941957683,749.7695968661974,61.68690908896535,449.9665001597635,178.02327395996355,766.5201791139957,140.82106677354068,796.8998873219451,378.4333893542047,353.4683568146123,329.42444292497606,451.9167003974126,642.9002154345945,122.61408574572907,307.1154668160809,767.0164466925607,601.8756940348519,510.50523684148294,665.1676283967164,710.3649191095143,506.4301990374402,945.2576600914471,887.9945451050942,977.3413245153715,983.7910336823957,748.5520388528948,433.8139319443188,306.122548400822,960.3762660589467,722.9918514709708,781.7897120343391,327.3845625026098,980.937269286146,920.9513532281004,670.9185141727941,625.4808650362268,312.1740050849305,901.6057644870232,185.09098031458217,332.4216337922886,292.55609355310196,796.6690726296159,956.2643627574901,470.9670149384036,623.1490232615056,727.5990681011053,735.6402811877055,133.68510363094032,408.0698158708327,345.57654597300245,659.0169609781267,127.60009246532266,519.6337165326605,235.9058975645135,262.50302145094696,937.7879642679646,727.3846949239752,416.92889658282786,359.1489614485566,660.1580087044391,143.1594936315661,228.83510959894437,710.2871731208336,515.1349243970332,207.2275716987513,628.323241516683,823.1647589540385,563.8507950500054,264.1921993523804,927.8969950564478,838.8747240205055,636.316078365264,80.12920863697914,107.35434527848776,243.51068857662494,99.30249004610003,74.83550403245742,443.3862761988124,668.199843712165,58.27756016796981,833.8713697936855,207.73952368413418,485.02032884818493,708.2770346764834,639.6807204041975,317.63956372269865,979.6513686248154,834.7316729123412,37.59363064168064,421.33924475815286,35.01857929591912,358.4604481652407,953.247134717287,195.99185657970386,710.822036893773,158.68798676341456,628.7095162894428,659.0145331580072,613.0998895953709,548.7903524149705,329.75681707544356,671.6190430434261,10.854281597360016,458.6493758586824,260.764768032224,491.4800721439927,823.6491900011483,55.84988557506642,52.77841721827237,303.9759610009669,829.2891211206645,708.8884417306348,531.7118739105568,576.6757419898707,429.0317360454089,102.74358129741069,595.7949097014878,115.59866272679287,